x,y,z
0.0027464628219604492,-0.0940520167350769,0.001299779862165451
-0.0003808736801147461,-0.08680081367492676,-0.005329761654138565
0.0016453266143798828,-0.09071582555770874,0.014223646372556686
0.004692435264587402,-0.09019559621810913,0.04512148164212704
0.006691545248031616,-0.07980561256408691,0.04586881212890148
0.006470680236816406,-0.07999205589294434,0.04440938122570515
0.009738296270370483,-0.07108736038208008,0.00042111799120903015
0.007479608058929443,-0.07703578472137451,0.028701117262244225
0.004600554704666138,-0.0770270824432373,0.031403228640556335
0.006387263536453247,-0.09183168411254883,0.047435088083148
0.0067751407623291016,-0.0724414587020874,-0.05133391544222832
0.00839853286743164,-0.06599760055541992,-0.003233160823583603
0.007316231727600098,-0.060538649559020996,0.020367544144392014
0.0012857317924499512,-0.060063719749450684,0.00995955616235733
-0.026828765869140625,-0.09011167287826538,0.04308987408876419
-0.05733916163444519,-0.04518306255340576,-0.002745486795902252
-0.0749083161354065,-0.06099832057952881,0.06832435168325901
-0.07132852077484131,-0.02726161479949951,-0.02125236764550209
-0.06637638807296753,-0.06689071655273438,0.02399003878235817
-0.06600701808929443,-0.04109823703765869,0.017057180404663086
-0.056684792041778564,-0.008625149726867676,0.0020931698381900787
-0.0587693452835083,-0.045513153076171875,0.05451356526464224
-0.05735090374946594,-0.07026588916778564,0.027610894292593002
-0.03838372230529785,-0.06935811042785645,0.02580750733613968
-0.029828757047653198,-0.08293449878692627,0.031796326860785484
0.002691030502319336,-0.08204138278961182,0.04420672170817852
0.018884778022766113,-0.0860026478767395,0.05252606328576803
0.017829686403274536,-0.08268511295318604,0.0019580908119678497
0.025179028511047363,-0.08784866333007812,0.008909039199352264
0.023855537176132202,-0.08780491352081299,-0.039901312440633774
0.024176359176635742,-0.08559763431549072,0.004812382161617279
0.02174276113510132,-0.08565807342529297,-0.05224278196692467
0.02231884002685547,-0.08356881141662598,-0.021096233278512955
0.024716854095458984,-0.08456462621688843,0.06423410028219223
0.015158921480178833,-0.0846245288848877,-0.02994329109787941
-0.005326628684997559,-0.010425090789794922,0.13174450024962425
-0.019986987113952637,-0.01079261302947998,0.10282456874847412
-0.04356548190116882,-0.05401110649108887,0.11435183137655258
-0.01155957579612732,-0.04467165470123291,0.25952373072505
-0.023934364318847656,-0.04463088512420654,0.23131465539336205
-0.006983280181884766,-0.047599077224731445,0.11022274568676949
0.03176403045654297,-0.05417025089263916,0.15539905056357384
0.036099761724472046,-0.04051792621612549,0.14033683016896248
0.033407062292099,-0.02006065845489502,0.17831065878272057
0.039412349462509155,-0.020913243293762207,0.20241914317011833
0.04865378141403198,-0.030348658561706543,0.30118098482489586
-0.0060853660106658936,-0.0006577968597412109,0.04488651640713215
-0.006144851446151733,0.007268786430358887,0.062256718054413795
-0.014749377965927124,0.0009375810623168945,0.02413477748632431
-0.011676251888275146,0.03946423530578613,0.027426930144429207
-0.01357966661453247,0.06838583946228027,0.051793895196169615
-0.013419300317764282,0.06285250186920166,0.02582547999918461
-0.005802243947982788,0.051077842712402344,0.03199394233524799
-0.005021125078201294,0.07113814353942871,0.03248801454901695
-0.00521540641784668,0.07630157470703125,0.031345123425126076
-0.006428927183151245,0.07587552070617676,0.03349342569708824
-0.0024372637271881104,0.07780885696411133,0.014650106430053711
-0.0024895071983337402,-0.022341132164001465,-0.13056807965040207
0.00986623764038086,-0.012574911117553711,-0.03419652581214905
0.014155060052871704,-0.03059530258178711,0.005041912198066711
0.021807998418807983,-0.03561592102050781,0.0358861880376935
0.024069488048553467,-0.03966319561004639,0.01844237558543682
0.03321284055709839,-0.04846394062042236,0.002190135419368744
0.02478441596031189,-0.04012632369995117,-0.026693932712078094
0.026280105113983154,-0.04749619960784912,-0.09325399249792099
0.027077823877334595,-0.057868361473083496,-0.03376873582601547
0.03019767999649048,-0.059264957904815674,-0.06982225179672241
0.032430499792099,-0.04915034770965576,-0.03853078931570053
0.02983778715133667,-0.050106823444366455,-0.05181833356618881
0.034279048442840576,-0.04763227701187134,-0.02940678596496582
0.030174434185028076,-0.04305613040924072,-0.02538231760263443
0.02447134256362915,-0.03923773765563965,-0.00131978839635849
0.02179574966430664,-0.03872692584991455,0.023830415681004524
0.0017192065715789795,-0.036087751388549805,0.019249005243182182
-0.0034388303756713867,-0.024129867553710938,0.03403656464070082
-0.011036545038223267,0.0009808540344238281,8.392333984375e-05
-0.018130362033843994,-0.01455080509185791,0.04778506269212812
-0.02248498797416687,-0.0021246671676635742,0.02396314963698387
-0.022087931632995605,0.01280224323272705,0.013047933578491211
-0.021837741136550903,0.01669180393218994,0.04830926924478263
-0.019864171743392944,0.02243518829345703,0.059734297916293144
-0.016604870557785034,0.058972954750061035,0.07930171303451061
-0.016419827938079834,0.06660401821136475,0.059690666384994984
-0.019520044326782227,0.06514716148376465,-0.024881325662136078
-0.017844468355178833,0.047586679458618164,0.04853506089420989
-0.01297035813331604,0.03229475021362305,0.07587192207574844
-0.018619835376739502,0.06347072124481201,0.03814269695430994
-0.008593976497650146,0.03631389141082764,0.09714837372303009
-0.004475146532058716,-0.008977055549621582,0.05225362675264478
0.0010072886943817139,-0.026533007621765137,0.06987331062555313
0.011126548051834106,-0.040488362312316895,-0.010469060391187668
0.028748899698257446,-0.029656291007995605,-0.03253302723169327
0.04056769609451294,-0.013414382934570312,-0.03507367521524429
0.06245452165603638,0.020198822021484375,0.005310423672199249
0.008081495761871338,0.0049675703048706055,0.1805572584271431
0.05747932195663452,0.061872005462646484,0.2057829573750496
0.025179803371429443,0.058068156242370605,0.24044258147478104
0.044278085231781006,0.07367146015167236,0.3069275990128517
0.0360531210899353,0.07270407676696777,0.2742088511586189
0.021700382232666016,0.07551634311676025,0.187675841152668
0.010223567485809326,0.07926273345947266,0.18721824139356613
0.013518273830413818,0.08362817764282227,0.1838902309536934
0.022700607776641846,0.08408057689666748,0.19853321462869644
0.02157577872276306,0.07765567302703857,0.2334074005484581
0.016644954681396484,0.074088454246521,0.2792023941874504
0.012516498565673828,0.07593095302581787,0.21741177886724472
0.011405646800994873,0.07913577556610107,0.18588528782129288
0.021612823009490967,0.08988869190216064,0.18144726008176804
0.03092685341835022,0.07873106002807617,0.22066283971071243
0.028478801250457764,0.0899040699005127,0.13598153740167618
0.028279781341552734,0.08556747436523438,0.14637327939271927
0.02727264165878296,0.08506441116333008,0.18177440017461777
0.026579320430755615,0.08115458488464355,0.19003302603960037
0.025958240032196045,0.08109056949615479,0.18238139897584915
0.026854604482650757,0.08321058750152588,0.14770053327083588
0.025575220584869385,0.08135104179382324,0.20994339138269424
0.025704920291900635,0.08117437362670898,0.1744929626584053
0.025627046823501587,0.08148765563964844,0.19243619590997696
0.034099280834198,0.07363450527191162,0.20029402524232864
0.025678545236587524,0.06929147243499756,0.16438565403223038
0.022807687520980835,0.06964397430419922,0.1426679864525795
0.02592754364013672,0.07285881042480469,0.18746168166399002
0.025651216506958008,0.07588768005371094,0.17568648606538773
0.027494430541992188,0.07021796703338623,0.15280194580554962
0.02859368920326233,0.07019960880279541,0.17599771171808243
0.028304249048233032,0.07128620147705078,0.15093888342380524
0.018297046422958374,0.06382608413696289,0.1705586537718773
0.019695758819580078,0.069732666015625,0.16666246950626373
0.01890215277671814,0.061690568923950195,0.13862624019384384
0.019947588443756104,0.06201887130737305,0.12497099488973618
0.02244129776954651,0.07225465774536133,0.2238883450627327
0.017228513956069946,0.06321191787719727,0.16995947808027267
0.026582568883895874,0.05803096294403076,0.12615760415792465
0.027699559926986694,0.062054991722106934,0.13650859892368317
0.019212573766708374,0.05618917942047119,0.11680438369512558
0.014933496713638306,0.05603444576263428,0.15301673859357834
0.015909582376480103,0.04778099060058594,0.14208661019802094
0.021583139896392822,0.04793822765350342,0.14821285009384155
0.026191145181655884,0.0508265495300293,0.15170804411172867
0.025606930255889893,0.04877471923828125,0.16013790667057037
0.021544843912124634,0.07039153575897217,0.08741509914398193
0.025698423385620117,0.06204235553741455,0.127413310110569
0.02546367049217224,0.06187593936920166,0.08160633966326714
0.026134580373764038,0.061379194259643555,0.11119116842746735
0.031155169010162354,0.06051778793334961,0.10186772421002388
0.03437882661819458,0.06619036197662354,0.10174037516117096
0.029491573572158813,0.05310666561126709,0.10160759836435318
-0.0023234188556671143,0.053322553634643555,0.09307043254375458
-0.022693246603012085,-0.017563343048095703,0.0848875492811203
-0.021508842706680298,0.021510004997253418,0.0751995462924242
0.007218122482299805,0.01036977767944336,0.03292161226272583
0.012871980667114258,0.006785750389099121,0.0386902978643775
0.009945034980773926,-0.010560989379882812,-0.03440381586551666
0.009703725576400757,0.007504463195800781,-0.07164321839809418
0.0066919028759002686,-0.0022951364517211914,-0.025388643145561218
0.007992327213287354,0.016931772232055664,-0.08404500037431717
0.008343696594238281,0.016382455825805664,0.04121804516762495
0.007729232311248779,0.016290903091430664,0.025037439540028572
0.008474737405776978,0.010182976722717285,-0.012809764593839645
0.00693395733833313,0.018972039222717285,0.017297666519880295
-0.0040360987186431885,0.004678010940551758,0.006110489368438721
-0.014443457126617432,-0.004546046257019043,0.0765990037471056
-0.02740606665611267,-0.07041090726852417,-8.031725883483887e-06
-0.025963395833969116,-0.11972641944885254,0.007810525596141815
-0.02539604902267456,-0.18895363807678223,0.016127169132232666
-0.019884467124938965,-0.30147671699523926,0.03343402221798897
-0.016135990619659424,-0.32854902744293213,0.07167208194732666
-0.010371983051300049,-0.3560734987258911,0.12409719079732895
-0.009723514318466187,-0.3782493472099304,0.11616199463605881
-0.0214577317237854,-0.3784087896347046,0.07544810697436333
-0.03166356682777405,-0.37686508893966675,-0.049306079745292664
-0.030996888875961304,-0.3759347200393677,-0.02348918467760086
-0.030696362257003784,-0.3756718039512634,0.10277359187602997
-0.025968194007873535,-0.37852442264556885,0.016419779509305954
-0.02137961983680725,-0.3566758632659912,-0.026749014854431152
-0.015877902507781982,-0.3453909754753113,-0.01829727739095688
-0.015355050563812256,-0.3523334264755249,0.05670629581436515
-0.015373766422271729,-0.3425920605659485,-0.022885099053382874
-0.014765322208404541,-0.3422389030456543,0.006456702947616577
-0.013236284255981445,-0.3421633839607239,0.006780985742807388
-0.013126790523529053,-0.34395503997802734,0.046450772788375616
-0.013016045093536377,-0.35958927869796753,0.09532298147678375
-0.01088818907737732,-0.37473493814468384,0.08268941938877106
-0.006389319896697998,-0.38936275243759155,0.08185576647520065
-0.0064179301261901855,-0.3928654193878174,0.09081476926803589
-0.005076408386230469,-0.4035249352455139,0.11890912055969238
-0.004241824150085449,-0.40534061193466187,0.10480251908302307
0.0008088946342468262,-0.42162197828292847,0.10845746472477913
0.004183858633041382,-0.42264890670776367,0.13399360328912735
0.004269778728485107,-0.4292590618133545,0.12624087929725647
0.005819559097290039,-0.434021532535553,0.06815754249691963
0.0067252516746521,-0.436221718788147,0.05807373579591513
0.0038558542728424072,-0.42850661277770996,0.01984439417719841
0.0016228556632995605,-0.3978250026702881,-0.04273291677236557
-0.003143012523651123,-0.3720625638961792,0.07934068329632282
-0.007645308971405029,-0.33885514736175537,-0.027587242424488068
-0.005749821662902832,-0.31490588188171387,0.19382400065660477
-0.0035427510738372803,-0.29471272230148315,0.34208447486162186
-0.004797160625457764,-0.27320635318756104,0.3328374996781349
-0.005842626094818115,-0.25457584857940674,0.3530152216553688
-0.007807403802871704,-0.24966484308242798,0.35922522097826004
-0.01400911808013916,-0.24274379014968872,0.3551783636212349
-0.017190903425216675,-0.24309617280960083,0.3327844515442848
-0.017890632152557373,-0.24333250522613525,0.3339582160115242
-0.01884472370147705,-0.24342650175094604,0.32421837002038956
-0.020284801721572876,-0.2416982650756836,0.31792644411325455
-0.01974344253540039,-0.24166685342788696,0.2624468132853508
-0.02025240659713745,-0.2576224207878113,0.26345520466566086
-0.01724642515182495,-0.26958370208740234,0.22168893367052078
-0.01744142174720764,-0.2957519292831421,0.2582194581627846
0.0026718974113464355,-0.38117027282714844,0.2290874943137169
0.022756427526474,-0.4093995690345764,0.23857486993074417
0.04199439287185669,-0.42533761262893677,0.14143505692481995
0.040495216846466064,-0.42572957277297974,0.12637723237276077
0.038568079471588135,-0.41897284984588623,0.09619354084134102
0.020589768886566162,-0.4237096309661865,0.07699954323470592
-0.0027281641960144043,-0.45587658882141113,0.06323779094964266
-0.018763840198516846,-0.48822659254074097,0.05314445239491761
-0.02398398518562317,-0.5374202728271484,-0.017877355217933655
-0.02616828680038452,-0.536490797996521,-0.00634954497218132
-0.030520498752593994,-0.5371496677398682,0.05435130139812827
-0.026935815811157227,-0.5366776585578918,0.016297265887260437
-0.03428718447685242,-0.5364020466804504,-0.05645861476659775
-0.034821897745132446,-0.5375161170959473,-0.0005120895802974701
-0.023624569177627563,-0.5363337993621826,0.09018607437610626
-0.0322226881980896,-0.5347608923912048,-0.026813648641109467
-0.037145525217056274,-0.5380703210830688,-0.020048029720783234
-0.02814611792564392,-0.536872923374176,0.024986576288938522
-0.028754830360412598,-0.5281847715377808,0.01697351038455963
-0.03645095229148865,-0.5395100712776184,0.0573593070730567
-0.03432539105415344,-0.5390608310699463,0.031995151191949844
-0.027093946933746338,-0.5396274328231812,0.05067497864365578
-0.017120271921157837,-0.5177226066589355,0.1380530223250389
-0.022550135850906372,-0.5191429853439331,0.06158715859055519
-0.02257823944091797,-0.5194199681282043,0.03193410113453865
-0.015333831310272217,-0.5179643034934998,0.06574779376387596
-0.009199082851409912,-0.5195071697235107,0.08475813269615173
-0.008674532175064087,-0.5228250622749329,0.10427665710449219
-0.009991943836212158,-0.522898256778717,0.021369559690356255
-0.0015728175640106201,-0.5196788907051086,0.07335909456014633
-0.0019346177577972412,-0.5261521935462952,0.089610755443573
0.015596568584442139,-0.5328707098960876,0.319743312895298
0.010291606187820435,-0.5327416658401489,0.06217695586383343
-0.003361821174621582,-0.5299084782600403,0.09357984736561775
-0.012769520282745361,-0.5186413526535034,0.08523073047399521
-0.025602370500564575,-0.5214411616325378,-0.0027853846549987793
-0.023809731006622314,-0.5221342444419861,-0.016775034368038177
-0.022535473108291626,-0.5209752321243286,0.07044647261500359
-0.02927890419960022,-0.5345273613929749,0.06267847865819931
-0.03581574559211731,-0.5318173170089722,0.023321108892560005
-0.030516237020492554,-0.5326268076896667,0.045209980104118586
-0.025702714920043945,-0.5302638411521912,0.05483097117394209
-0.029996126890182495,-0.5269967913627625,0.028761301189661026
-0.026478111743927002,-0.5258992314338684,0.04978250450221822
-0.029855161905288696,-0.5258885025978088,0.04900404522777535
-0.03014165163040161,-0.5255677700042725,0.0900135338306427
0.012125998735427856,-0.5104532837867737,0.1912272647023201
0.009463518857955933,-0.5086274743080139,0.20366712659597397
0.0038315653800964355,-0.5089739561080933,0.1012732945382595
0.010731428861618042,-0.5167002081871033,0.33561045676469803
0.004097789525985718,-0.5116840600967407,0.1308686062693596
-0.006855100393295288,-0.5046243071556091,0.0016195103526115417
-0.03082418441772461,-0.5141124725341797,0.022434178739786148
-0.034600645303726196,-0.5176586508750916,0.02346981316804886
-0.023720771074295044,-0.5176190733909607,0.02540380321443081
-0.019490331411361694,-0.5059659481048584,-0.026150792837142944
-0.01932474970817566,-0.5123118758201599,-0.015412308275699615
-0.024922877550125122,-0.5192364454269409,0.011596009135246277
-0.03524261713027954,-0.5717330873012543,0.10169191658496857
-0.05615431070327759,-0.6264059245586395,0.1618882194161415
0.03520578145980835,-0.5971006155014038,0.13870378583669662
0.04179134964942932,-0.5809755623340607,0.04543467238545418
0.04427561163902283,-0.5383710861206055,0.015604846179485321
0.04400891065597534,-0.5432348549365997,-0.17509851604700089
0.043789297342300415,-0.5708819031715393,-0.1012047603726387
0.04798769950866699,-0.5599756836891174,0.05052627087570727
0.047671884298324585,-0.5461854040622711,-0.02086455374956131
0.03266113996505737,-0.5320484042167664,-0.027057401835918427
0.028438806533813477,-0.532487154006958,-0.009099066257476807
0.035200297832489014,-0.5164881348609924,-0.16510283201932907
0.0374751091003418,-0.512575089931488,0.06311747152358294
0.030984491109848022,-0.5252469182014465,0.2209106907248497
0.027243226766586304,-0.4905692934989929,0.047672852873802185
0.03346863389015198,-0.5103923082351685,-0.06651482731103897
0.03420829772949219,-0.5280500054359436,-0.010961294174194336
0.030358612537384033,-0.5066782832145691,-0.11198676377534866
0.03015369176864624,-0.5076829195022583,0.013024676591157913
0.03857964277267456,-0.5391448736190796,-0.09390180557966232
0.038303226232528687,-0.5262126326560974,-0.08849535137414932
0.03847193717956543,-0.5207788944244385,-0.13597353547811508
0.030878394842147827,-0.5182440876960754,-0.11797260493040085
0.02851119637489319,-0.4922460913658142,-0.08538012951612473
0.029971778392791748,-0.5049564838409424,-0.1486753150820732
0.001968175172805786,-0.5158037543296814,0.12543684989213943
-0.010624289512634277,-0.5153456330299377,0.10214082151651382
-0.007827699184417725,-0.4984281659126282,0.03710043989121914
0.0006398558616638184,-0.5142808556556702,0.007332570850849152
0.010983884334564209,-0.5119398832321167,0.014154214411973953
0.031373798847198486,-0.50998854637146,0.30356282740831375
0.016713470220565796,-0.5115195512771606,0.09169449284672737
0.006505191326141357,-0.5146410465240479,0.14595530182123184
0.0010159611701965332,-0.5122948884963989,0.09194890409708023
5.4210424423217773e-05,-0.5128210783004761,0.01210174709558487
0.009198606014251709,-0.5154467225074768,0.11433329433202744
-0.0009275376796722412,-0.5089259147644043,-0.01119743287563324
-0.0005329251289367676,-0.5009315013885498,0.06029112823307514
-0.0028426051139831543,-0.5052364468574524,0.06999887712299824
-0.0027913451194763184,-0.5051069855690002,0.020540092140436172
-0.0015259385108947754,-0.5040692687034607,0.018125953152775764
-0.010143548250198364,-0.5053213238716125,0.010614793747663498
0.0025607943534851074,-0.5095061659812927,0.1074167937040329
-0.005031675100326538,-0.4993066191673279,0.01226101815700531
-0.0020602941513061523,-0.4951736330986023,0.014328032732009888
-0.0033764243125915527,-0.5049198269844055,0.15221323817968369
-0.004060477018356323,-0.501617431640625,0.1197395995259285
-0.004824131727218628,-0.4993303418159485,0.09768076986074448
-0.0023548007011413574,-0.5048454403877258,0.21573591977357864
0.0066172778606414795,-0.504780650138855,0.20007140189409256
0.013090670108795166,-0.5182598829269409,0.33540014177560806
0.013443917036056519,-0.5136959552764893,0.14464925974607468
0.00318300724029541,-0.5133147239685059,0.05743027478456497
-0.011310964822769165,-0.5067582726478577,0.04949782339099329
0.004972398281097412,-0.5067933201789856,0.054391213692724705
-0.011920064687728882,-0.5067977905273438,0.056327993515878916
-0.005953073501586914,-0.5064804553985596,0.09970192983746529
-0.005272924900054932,-0.5051055550575256,0.07953021675348282
-0.005036681890487671,-0.5053694248199463,0.048822433687746525
0.00022771954536437988,-0.5092872977256775,0.1713041290640831
0.0005189776420593262,-0.5215675234794617,0.09988929331302643
-0.007122159004211426,-0.5408288240432739,0.06771755591034889
-0.015736401081085205,-0.5410566329956055,0.058598325587809086
-0.024283945560455322,-0.5827560424804688,0.31328875571489334
-0.010366827249526978,-0.5920162200927734,0.369221068918705
0.0016383528709411621,-0.5822493731975555,0.34184233099222183
0.022799968719482422,-0.5481410920619965,-0.005234621465206146
0.029268592596054077,-0.5397040247917175,0.14858192950487137
0.031063854694366455,-0.5339628458023071,0.14135932177305222
0.02983894944190979,-0.5415864586830139,0.018033452332019806
0.030219554901123047,-0.5716964304447174,0.0910816341638565
0.027439653873443604,-0.5434430539608002,-0.05212118476629257
0.02846425771713257,-0.5435527563095093,0.017740048468112946
0.028854459524154663,-0.5288479924201965,0.06617152132093906
0.032153308391571045,-0.5782102346420288,-0.1321505829691887
0.034175217151641846,-0.5743027329444885,0.09090128913521767
0.03129768371582031,-0.5735072195529938,0.00034946203231811523
0.03220972418785095,-0.5732342302799225,0.02160768024623394
0.03410324454307556,-0.5413832068443298,-0.006053231656551361
0.032421886920928955,-0.5609053373336792,0.04043523874133825
0.03564453125,-0.56802698969841,-0.05733392387628555
0.038624107837677,-0.5775996744632721,-0.032633982598781586
0.0405026376247406,-0.5780588984489441,-0.1585548147559166
0.032364219427108765,-0.5715862810611725,-0.10961879044771194
0.029087692499160767,-0.5684942901134491,-0.12880996614694595
0.028989076614379883,-0.5673760771751404,-0.19720489531755447
0.02085074782371521,-0.5686962604522705,-0.03885231167078018
0.022840172052383423,-0.5941026210784912,-0.1549939140677452
0.029948890209197998,-0.5965330302715302,-0.15243341773748398
0.04233098030090332,-0.584496021270752,0.055907854344695807
0.04715079069137573,-0.5799627006053925,0.0014304853975772858
0.04230374097824097,-0.5280344486236572,-0.0422634556889534
0.04372572898864746,-0.5514995753765106,-0.1203257367014885
0.04370927810668945,-0.5605288147926331,0.10298575460910797
0.041090160608291626,-0.5497042536735535,0.06177775375545025
0.04117077589035034,-0.5513295233249664,-0.0070421695709228516
0.01501116156578064,-0.43472570180892944,-0.4319966658949852
0.03927254676818848,-0.49324262142181396,-0.4278195723891258
0.026798397302627563,-0.4931315779685974,-0.3243296965956688
0.012681066989898682,-0.4945312738418579,-0.2068720981478691
0.001471191644668579,-0.47548216581344604,-0.22786637395620346
0.002341330051422119,-0.442538857460022,-0.14208697527647018
0.005548298358917236,-0.460735023021698,-0.2586864158511162
0.004933744668960571,-0.4919036626815796,-0.3534054383635521
0.00890284776687622,-0.4921039938926697,-0.33434518426656723
0.00852423906326294,-0.48992401361465454,-0.32962512224912643
0.00851362943649292,-0.4896518588066101,-0.27182038873434067
0.006467163562774658,-0.5401769280433655,-0.3197590634226799
-0.05958619713783264,-0.5732763111591339,0.09683292731642723
-0.07203686237335205,-0.559705913066864,-0.015945814549922943
-0.07316917181015015,-0.557738870382309,0.037297870963811874
-0.06604617834091187,-0.5527183711528778,0.013801634311676025
-0.06414729356765747,-0.5526915192604065,-0.03079497069120407
-0.04475918412208557,-0.5215464234352112,-0.19618835300207138
-0.0455053448677063,-0.5224858522415161,-0.09696993976831436
-0.04184222221374512,-0.5183104276657104,-0.05316567420959473
-0.014810264110565186,-0.5065933465957642,-0.09458380192518234
-0.024188995361328125,-0.5011926293373108,-0.2142753228545189
-0.031249165534973145,-0.5019146800041199,-0.13007806986570358
-0.02890273928642273,-0.5045943260192871,-0.08121558278799057
-0.028152525424957275,-0.5007627010345459,-0.08598721772432327
-0.028217077255249023,-0.5091512203216553,-0.05324934422969818
-0.026660621166229248,-0.5018001794815063,-0.3591185137629509
-0.023359984159469604,-0.5083392262458801,-0.09524325281381607
-0.04889008402824402,-0.5357081294059753,0.008547678589820862
-0.04833751916885376,-0.534713089466095,0.19687629491090775
-0.04519915580749512,-0.5393826365470886,0.31533969193696976
-0.021301329135894775,-0.5389245748519897,0.17413198947906494
-0.006329059600830078,-0.5437330603599548,-0.09265881031751633
0.017913490533828735,-0.5121579766273499,-0.21093540638685226
0.017764657735824585,-0.4911450743675232,-0.14585963636636734
0.020688682794570923,-0.44963645935058594,-0.13965081423521042
0.0203668475151062,-0.3864396810531616,0.0484297281363979
0.018618404865264893,-0.390646755695343,0.06884298846125603
0.025716781616210938,-0.39148062467575073,-0.050080038607120514
0.017872661352157593,-0.39096367359161377,0.03903580270707607
-0.00137406587600708,-0.4807465076446533,-0.029996201395988464
0.0068794190883636475,-0.6871601045131683,-0.1089894250035286
-0.02258962392807007,-0.8218335807323456,0.015706561505794525
-0.026019036769866943,-0.8497493118047714,-0.028790898621082306
-0.004490107297897339,-0.8524443209171295,0.08512135595083237
-0.004011720418930054,-0.8481583744287491,0.1600392460823059
0.0027029216289520264,-0.8515299707651138,0.0877515971660614
-0.0016273856163024902,-0.8534362018108368,0.016705431044101715
-0.00011771917343139648,-0.8446620553731918,-0.0052750445902347565
0.013675898313522339,-0.8082202523946762,0.12615502625703812
0.005050837993621826,-0.8590975850820541,-0.022535718977451324
0.0006895661354064941,-0.8806819766759872,-0.06625393778085709
0.0006243884563446045,-0.8828589618206024,0.09923651069402695
0.0006164312362670898,-0.88297139108181,0.04850739298854023
0.005858778953552246,-0.8518890291452408,0.21790803223848343
0.0036689937114715576,-0.8526338040828705,0.033094534650444984
-0.002097100019454956,-0.8543206602334976,0.015475694090127945
-0.010291308164596558,-0.7475214302539825,0.3041795864701271
0.01008346676826477,-0.4769960045814514,0.25812406092882156
0.004431247711181641,-0.36974620819091797,-0.0016061998903751373
0.002276301383972168,-0.3539975881576538,0.1203351691365242
0.007472038269042969,-0.351362943649292,0.1542099490761757
0.012488067150115967,-0.36306673288345337,0.17143771797418594
0.013555198907852173,-0.3653605580329895,0.14539889246225357
0.01764160394668579,-0.36565685272216797,0.20762411504983902
0.01758432388305664,-0.3675915002822876,0.1379985511302948
0.019510120153427124,-0.3677141070365906,0.24337071925401688
0.018528878688812256,-0.37614667415618896,0.19684181362390518
0.020497560501098633,-0.37145423889160156,0.24541334062814713
0.02118915319442749,-0.3690532445907593,0.20897562056779861
0.023087799549102783,-0.3654887080192566,0.17978819459676743
0.0280759334564209,-0.3679158687591553,0.17841347306966782
0.027608722448349,-0.36860209703445435,0.22670357674360275
0.026356041431427002,-0.36817413568496704,0.18161555379629135
0.020152956247329712,-0.3681334853172302,0.1846109703183174
0.01033926010131836,-0.39245033264160156,0.1778860166668892
-0.027851074934005737,-0.5001143217086792,0.3349350467324257
-0.03588035702705383,-0.5223835110664368,0.09398695826530457
-0.0028548240661621094,-0.5342038869857788,0.30667269974946976
0.02076682448387146,-0.5547956824302673,0.41307906061410904
0.014274507761001587,-0.552944153547287,0.4239932671189308
0.0030676722526550293,-0.5478672385215759,0.3623397424817085
0.0014426112174987793,-0.5323770046234131,0.271020270884037
0.00440099835395813,-0.5300492644309998,0.3168141320347786
-0.004173904657363892,-0.5082007646560669,0.04254886647686362
-0.012946635484695435,-0.4208914637565613,0.06555882282555103
0.020061880350112915,-0.3381539583206177,0.06498023308813572
0.024992167949676514,-0.3334301710128784,0.04584535397589207
0.036985158920288086,-0.33977359533309937,0.06882319226861
0.03706350922584534,-0.33823585510253906,0.10074171423912048
0.03846970200538635,-0.3383936882019043,0.11021009832620621
0.03625530004501343,-0.33515632152557373,0.07122497074306011
0.043843209743499756,-0.34207361936569214,0.1414889097213745
0.039868831634521484,-0.33297717571258545,0.15284889191389084
0.027349770069122314,-0.34609413146972656,0.07951243966817856
0.017597824335098267,-0.4294133186340332,0.036201709881424904
-0.004347681999206543,-0.5043561458587646,0.14260797947645187
-0.009413748979568481,-0.5575633645057678,0.31839919835329056
0.005631744861602783,-0.5584544241428375,0.19807929545640945
0.016584962606430054,-0.5437484383583069,0.44099894911050797
0.004308164119720459,-0.5543268918991089,0.42456693202257156
0.0017647147178649902,-0.5576988160610199,0.10733157023787498
0.001355499029159546,-0.5581343472003937,0.18503839522600174
-0.021960318088531494,-0.6699357032775879,0.13636906445026398
-0.02517843246459961,-0.717231959104538,-0.17417483776807785
-0.02130335569381714,-0.7998520135879517,-0.07248079776763916
-0.008013635873794556,-0.8503898531198502,-0.07840878516435623
0.0006933510303497314,-0.8320093005895615,0.013484161347150803
0.004293859004974365,-0.8375289291143417,0.003999035805463791
0.003231823444366455,-0.8449220955371857,-0.09140346199274063
0.003606349229812622,-0.7947539687156677,-0.03633716702461243
0.0053456127643585205,-0.7875522971153259,-0.03210078924894333
0.005171149969100952,-0.7668064534664154,0.00015653669834136963
-0.017310678958892822,-0.5204471349716187,-0.01917925477027893
0.011178761720657349,-0.4146384596824646,0.2653479799628258
0.012345731258392334,-0.3308348059654236,0.22789160162210464
0.019589275121688843,-0.35608386993408203,0.25221503525972366
0.023054689168930054,-0.3458225131034851,0.12787946313619614
0.026327520608901978,-0.348132848739624,0.12700923532247543
0.02469921112060547,-0.35773319005966187,0.15160011500120163
0.02728360891342163,-0.36109083890914917,0.1605677232146263
0.017088323831558228,-0.37723875045776367,0.17465796321630478
-0.02424544095993042,-0.4841805696487427,0.004805386066436768
-0.004263818264007568,-0.617988258600235,-0.05442748963832855
-0.00010928511619567871,-0.6064396798610687,-0.19911962002515793
0.016852915287017822,-0.5988425314426422,-0.17776336520910263
0.0187414288520813,-0.6015885174274445,-0.13439110666513443
0.022248566150665283,-0.6073214411735535,-0.17608576267957687
0.02215448021888733,-0.6189553737640381,-0.11231420189142227
0.032517969608306885,-0.6127332448959351,-0.11725062876939774
0.02632632851600647,-0.5930480659008026,-0.2254548892378807
0.025761187076568604,-0.6090212464332581,-0.22855480760335922
0.02655544877052307,-0.6092353463172913,-0.14175958186388016
0.02848300337791443,-0.5366403460502625,-0.26871495693922043
-0.009379327297210693,-0.4632048010826111,0.037895592860877514
-0.010351359844207764,-0.4119405746459961,0.06446242798119783
-0.009447306394577026,-0.37515169382095337,0.019540337845683098
0.009111970663070679,-0.38347548246383667,0.07585329003632069
0.055968672037124634,-0.3869423270225525,0.15348611027002335
0.059991300106048584,-0.3873864412307739,0.21442339569330215
0.06436878442764282,-0.3881548047065735,0.2739408239722252
0.09082865715026855,-0.38327884674072266,0.3464464619755745
0.07758483290672302,-0.3870195150375366,0.3215572014451027
0.07721886038780212,-0.3685993552207947,0.31241876631975174
0.07501554489135742,-0.3921699523925781,0.3429567590355873
0.07202833890914917,-0.38803666830062866,0.25597525388002396
0.07207027077674866,-0.388532817363739,0.26394791156053543
0.06666955351829529,-0.39143097400665283,0.27548446506261826
0.06384080648422241,-0.39039546251296997,0.21456170827150345
0.06424632668495178,-0.4009665846824646,0.27247966080904007
0.06250780820846558,-0.3953678011894226,0.26224435120821
0.05688530206680298,-0.4093990921974182,0.18357301503419876
0.05399465560913086,-0.4012466073036194,0.1640104576945305
0.05065479874610901,-0.4072743058204651,0.2091018483042717
0.05070456862449646,-0.4086705446243286,0.20291901379823685
0.050573527812957764,-0.39537519216537476,0.14921534806489944
0.048772990703582764,-0.39376360177993774,0.18442877382040024
0.04875054955482483,-0.3848760724067688,0.1749967411160469
0.043752044439315796,-0.4072602391242981,0.22560689598321915
0.04185962677001953,-0.41740864515304565,0.23798108845949173
0.054554283618927,-0.40494370460510254,0.1758730784058571
0.05491143465042114,-0.3885000944137573,0.17280872911214828
0.041092485189437866,-0.38152778148651123,0.1462295949459076
0.031937986612319946,-0.3720136880874634,0.06388643849641085
0.017630189657211304,-0.37256062030792236,0.11621899902820587
0.006375908851623535,-0.37259435653686523,0.1323801353573799
-0.027756959199905396,-0.35189521312713623,0.06890746019780636
-0.047813862562179565,-0.34486931562423706,0.0636907797306776
-0.041750431060791016,-0.40812140703201294,0.1123381033539772
-0.02357327938079834,-0.4461509585380554,0.06091212574392557
-0.009770691394805908,-0.4483504891395569,0.009613294154405594
-0.009526550769805908,-0.4134318232536316,-0.1903146281838417
-0.00156325101852417,-0.4310903549194336,-0.21341412514448166
0.0029099881649017334,-0.4128885865211487,-0.28468676656484604
0.00924748182296753,-0.39680808782577515,-0.06984555721282959
0.007876843214035034,-0.31265920400619507,-0.15298011153936386
0.014929592609405518,-0.3293280005455017,-0.06840213388204575
0.011883467435836792,-0.313679575920105,0.26581043750047684
0.0035071969032287598,-0.3067115545272827,0.21729625016450882
0.014459550380706787,-0.3146962523460388,0.3766506388783455
0.0139504075050354,-0.2872714400291443,0.37975264340639114
0.01927238702774048,-0.23111629486083984,0.3622027114033699
0.024177074432373047,-0.24949830770492554,0.399290956556797
0.02413734793663025,-0.2739606499671936,0.2898138239979744
0.022522062063217163,-0.2700543999671936,0.4478617087006569
0.03714078664779663,-0.301710844039917,0.36815015226602554
0.03474241495132446,-0.3030194044113159,0.4120207205414772
0.021396219730377197,-0.29276418685913086,0.4095030203461647
0.014073789119720459,-0.29054707288742065,0.44160742312669754
0.011190742254257202,-0.29005730152130127,0.42759815603494644
0.0012860000133514404,-0.2805577516555786,0.39087168127298355
0.00025072693824768066,-0.2847355604171753,0.39396608620882034
-0.0073878467082977295,-0.2854706048965454,0.36453286558389664
-0.01053568720817566,-0.28357475996017456,0.3381354585289955
-0.01119568943977356,-0.2836744785308838,0.3579636588692665
-0.01159590482711792,-0.2833065390586853,0.3694925680756569
-0.011747032403945923,-0.28912973403930664,0.36863309890031815
-0.012144744396209717,-0.2887648940086365,0.4027462676167488
0.0049391984939575195,-0.0012068748474121094,0.05099901556968689
-0.0025773048400878906,1.6689300537109375e-05,-0.048049088567495346
-0.0004481971263885498,0.0010868310928344727,0.10084056481719017
0.017183572053909302,0.028190255165100098,0.0848427452147007
0.0177992582321167,0.0377650260925293,0.07573055848479271
0.01727813482284546,0.040350377559661865,0.10965194925665855
0.016534924507141113,0.050273239612579346,0.13908188417553902
0.014472663402557373,0.04366177320480347,0.05769887659698725
0.011944800615310669,0.023486614227294922,0.1819484420120716
-0.017138153314590454,0.008684635162353516,0.32713766768574715
-0.0237291157245636,-0.03128927946090698,0.34973372891545296
-0.033540427684783936,-0.029626905918121338,0.32102080062031746
-0.03681710362434387,-0.02129948139190674,0.29352976754307747
-0.03122079372406006,-0.021736502647399902,0.2815926559269428
-0.027787089347839355,-0.029066026210784912,0.3407343216240406
-0.027909278869628906,-0.024127721786499023,0.38160954788327217
-0.019776254892349243,-0.02738898992538452,0.3792184181511402
-0.024219989776611328,-0.01661229133605957,0.37352465465664864
-0.022197872400283813,-0.021877169609069824,0.36082207038998604
-0.018925875425338745,-0.021626293659210205,0.354727316647768
-0.017585337162017822,-0.023263514041900635,0.3473690040409565
-0.018570631742477417,-0.019110381603240967,0.4075079448521137
-0.018005818128585815,-0.02036219835281372,0.3342594690620899
-0.018477052450180054,-0.028915047645568848,0.36439328268170357
-0.010290384292602539,-0.033859431743621826,0.22420645132660866
-0.01007986068725586,-0.0340120792388916,0.229642141610384
-0.007987737655639648,-0.02665466070175171,0.20208453014492989
-0.0009469091892242432,-0.03178352117538452,0.20488453283905983
-0.001193404197692871,-0.02704906463623047,0.17341992631554604
0.0009130239486694336,-0.026427924633026123,0.1744966097176075
0.0010633468627929688,-0.029084622859954834,0.23103021457791328
0.003244936466217041,-0.03272122144699097,0.20156827941536903
-0.00041562318801879883,-0.03060692548751831,0.20199202373623848
-0.013006359338760376,-0.01290595531463623,0.19817380979657173
-0.006423532962799072,0.007363259792327881,0.20807616785168648
0.007238298654556274,0.00980532169342041,0.1525774784386158
0.01444864273071289,0.02044624090194702,0.12818115577101707
0.014754146337509155,0.01672571897506714,0.13128675892949104
0.01464158296585083,0.03322345018386841,0.12149974331259727
0.014725595712661743,0.03238934278488159,0.14729521796107292
0.014364629983901978,0.04708486795425415,0.1486782766878605
0.013857215642929077,0.044663965702056885,0.14877936616539955
0.010430514812469482,0.03863656520843506,0.1276826597750187
0.007120013236999512,0.038265883922576904,0.1473303623497486
-0.01187676191329956,0.02541106939315796,0.15368228778243065
-0.03568750619888306,0.04477804899215698,0.15360625460743904
-0.06969350576400757,0.0356941819190979,0.1883811242878437
-0.07557612657546997,0.03729301691055298,0.12869380041956902
-0.0789608359336853,0.03901404142379761,0.04629719047807157
-0.07829141616821289,0.044481098651885986,0.08074729144573212
-0.0828319787979126,0.04588329792022705,0.056115404702723026
-0.0833771824836731,0.045934855937957764,0.03620340442284942
-0.08365106582641602,0.04656714200973511,0.11013875529170036
-0.0808035135269165,0.042511701583862305,0.07786745205521584
-0.07779321074485779,0.04254347085952759,0.08699260279536247
-0.07622373104095459,0.04752302169799805,0.07262429036200047
-0.07553142309188843,0.049505770206451416,0.0848991833627224
-0.07581233978271484,0.06526094675064087,0.09100864455103874
-0.07539185881614685,0.041800737380981445,-0.036909010261297226
-0.07255411148071289,0.02813798189163208,-0.017003528773784637
-0.07148948311805725,0.028087377548217773,-0.06177183613181114
-0.07424792647361755,-0.03581935167312622,-0.0361069031059742
-0.10811489820480347,-0.07374095916748047,-0.00039756670594215393
-0.10239672660827637,-0.04504549503326416,-0.06454040482640266
-0.039802730083465576,0.0009694695472717285,-0.15187149867415428
-0.03478315472602844,0.002086162567138672,0.03332391753792763
-0.032008737325668335,0.003431081771850586,0.08457648381590843
-0.032246410846710205,0.02191084623336792,0.1032426469027996
-0.03160881996154785,0.022647321224212646,0.13693789765238762
-0.032889366149902344,0.018993258476257324,0.13588178530335426
-0.03293091058731079,0.01264488697052002,0.13632706180214882
-0.03230121731758118,0.011136054992675781,0.192660141736269
-0.03294527530670166,0.013638794422149658,0.17117804661393166
-0.033618807792663574,0.013904571533203125,0.1360565908253193
-0.0537264347076416,0.012576699256896973,0.019367501139640808
-0.05538347363471985,-0.002930283546447754,0.0395341613329947
-0.050472766160964966,-0.0036504268646240234,0.006226535886526108
-0.04996439814567566,0.013567090034484863,-0.003888782113790512
-0.049390316009521484,-0.009669840335845947,0.12103548273444176
-0.04875600337982178,0.005154252052307129,0.09709146618843079
-0.048461705446243286,0.0019434690475463867,0.059917837381362915
-0.041753292083740234,0.03623872995376587,0.05612632725387812
-0.03345513343811035,0.04920673370361328,0.057051071897149086
-0.031033992767333984,0.04777169227600098,0.07468049228191376
-0.03048872947692871,0.05742090940475464,0.03645648527890444
-0.030154258012771606,0.07316082715988159,0.07342898659408092
-0.03068864345550537,0.07268679141998291,0.10867247357964516
-0.02866828441619873,0.06144440174102783,0.18318651989102364
-0.010250061750411987,0.04647797346115112,0.2805383838713169
0.004141330718994141,0.04073256254196167,0.3174089975655079
0.015476524829864502,0.018465697765350342,0.2883654274046421
0.017718881368637085,0.0077942609786987305,0.1510196514427662
0.013988882303237915,-0.0061209797859191895,0.09923766180872917
-0.002997070550918579,-0.005623459815979004,0.1535375453531742
0.007179170846939087,0.02065443992614746,0.4818923659622669
0.021777629852294922,0.030211925506591797,0.44849737361073494
0.05295205116271973,0.03534501791000366,0.4653495140373707
0.0833192765712738,-0.020453035831451416,0.42516665533185005
0.07886284589767456,-0.035775721073150635,0.4175567217171192
0.0850292444229126,-0.03528958559036255,0.39718567207455635
0.08694970607757568,-0.037541210651397705,0.3908473141491413
0.07824563980102539,-0.03601449728012085,0.4083460755646229
0.08911240100860596,-0.040099501609802246,0.4127986319363117
0.0794142484664917,-0.03943812847137451,0.4125092811882496
0.0954388976097107,-0.036722421646118164,0.39714067056775093
0.08848103880882263,-0.04233145713806152,0.39412279799580574
0.09912300109863281,-0.02787792682647705,0.38951583579182625
0.10145539045333862,-0.02746295928955078,0.3748977966606617
0.06992614269256592,0.012656927108764648,0.40157755091786385
0.08386123180389404,-0.003962159156799316,0.3943526931107044
0.06064346432685852,0.02343308925628662,0.4521165080368519
0.0960952639579773,0.017743587493896484,0.3443952389061451
0.0868287980556488,-0.031141281127929688,0.3707287199795246
0.09053397178649902,-0.003982484340667725,0.36827440932393074
0.092662513256073,-0.012927651405334473,0.3966495580971241
0.09210801124572754,-0.01550304889678955,0.47887246683239937
0.04939869046211243,0.08216822147369385,0.45056336000561714
0.04748418927192688,0.04333209991455078,0.4125385172665119
0.04817304015159607,0.06357115507125854,0.4115727134048939
0.03935801982879639,0.10617995262145996,0.3487481661140919
0.08813533186912537,0.1579509973526001,0.34727152064442635
0.08407047390937805,0.19745302200317383,0.4511113353073597
0.07348752021789551,0.20967817306518555,0.32514991238713264
0.046575069427490234,0.12769049406051636,0.4136572666466236
0.0291423499584198,0.38594573736190796,0.2593906857073307
0.044311314821243286,0.3818010687828064,0.18033475056290627
0.10465681552886963,0.3899642825126648,0.19568579271435738
0.13728845119476318,0.37119966745376587,0.2678277976810932
0.13805532455444336,0.34941166639328003,0.2160811461508274
0.13614648580551147,0.3501773476600647,0.2790837921202183
0.12271392345428467,0.3561003804206848,0.3411928601562977
0.11928680539131165,0.3559548258781433,0.32863645628094673
0.12897470593452454,0.38200992345809937,0.30878253653645515
0.12404769659042358,0.3567177653312683,0.3239543028175831
0.11416277289390564,0.35895758867263794,0.34078671410679817
0.0677640438079834,0.2778344750404358,0.39044075086712837
0.059905409812927246,-0.06672483682632446,0.25630228593945503
0.0714949369430542,-0.10404878854751587,0.21888207271695137
0.07007062435150146,-0.10507446527481079,0.21437545493245125
0.06402444839477539,-0.10221868753433228,0.20277543738484383
0.06430745124816895,-0.10058355331420898,0.2485317923128605
0.05475214123725891,-0.09306657314300537,0.22582422569394112
0.05791857838630676,-0.08413451910018921,0.22285859659314156
0.053995728492736816,-0.10527867078781128,0.24466655030846596
0.05836823582649231,-0.06668329238891602,0.2643386013805866
0.02760830521583557,-0.02154940366744995,0.3538561053574085
0.05955761671066284,0.12127572298049927,0.4037068374454975
0.038126468658447266,0.13573098182678223,0.4339836724102497
0.0017664730548858643,0.15773779153823853,0.4188177175819874
0.006799161434173584,0.170742928981781,0.42408688738942146
-0.01421317458152771,0.16766607761383057,0.3577037639915943
0.006247669458389282,0.16776025295257568,0.4266829080879688
0.006996452808380127,0.1641530990600586,0.40407856181263924
0.0008500814437866211,0.16055846214294434,0.4085973687469959
-0.004739642143249512,0.17359310388565063,0.4135371334850788
0.004683583974838257,0.1735435128211975,0.4129918999969959
-0.014837443828582764,0.17418944835662842,0.402873981744051
-0.011039435863494873,0.1740119457244873,0.43198372796177864
0.005986720323562622,0.18745779991149902,0.47008906677365303
0.01744258403778076,0.21087902784347534,0.48181359842419624
0.017649322748184204,0.23726046085357666,0.4944043941795826
0.10000070929527283,0.41576963663101196,0.4903959520161152
0.006040841341018677,-0.02637195587158203,9.69134271144867e-05
0.005434393882751465,-0.03684818744659424,0.06592248100787401
-0.0007227063179016113,-0.03115326166152954,0.033000254072248936
-0.004615157842636108,-0.022192835807800293,-0.06598711293190718
-0.010995596647262573,-0.01989591121673584,0.04033482912927866
-0.008881688117980957,-0.02227950096130371,0.03354016039520502
-0.007057458162307739,-0.020022273063659668,0.031118438579142094
-0.011343568563461304,-0.020876407623291016,0.03770617116242647
-0.008474022150039673,-0.027240335941314697,0.036244903691112995
-0.009375959634780884,-0.02688056230545044,-0.0010308753699064255
-0.05262342095375061,-0.07461637258529663,-0.2249679071828723
-0.06646132469177246,-0.13356369733810425,-0.2609706772491336
-0.06949493288993835,-0.13700753450393677,-0.25605861376971006
-0.07040989398956299,-0.13455039262771606,-0.25614296924322844
-0.07026028633117676,-0.13474702835083008,-0.3037381870672107
-0.06511971354484558,-0.13417881727218628,-0.2403608513996005
-0.06496801972389221,-0.13402163982391357,-0.29413057398051023
-0.0629911720752716,-0.13467192649841309,-0.28928087186068296
-0.06242436170578003,-0.1319229006767273,-0.24358129035681486
-0.06254911422729492,-0.12642931938171387,-0.2556357039138675
-0.062419354915618896,-0.1274769902229309,-0.25460226368159056
-0.062583327293396,-0.13123106956481934,-0.24439699482172728
-0.06046214699745178,-0.1278088092803955,-0.24412147235125303
-0.060696810483932495,-0.12623393535614014,-0.27295256685465574
-0.06062966585159302,-0.12642693519592285,-0.24355265032500029
-0.060481250286102295,-0.1320476531982422,-0.24388749431818724
-0.05788010358810425,-0.12515366077423096,-0.20084923040121794
-0.06063944101333618,-0.12515705823898315,-0.20807636808604002
-0.05727040767669678,-0.12632077932357788,-0.1902071936056018
-0.058550745248794556,-0.11635255813598633,-0.25500626396387815
-0.058411240577697754,-0.1251373291015625,-0.2463536662980914
-0.05687245726585388,-0.1285109519958496,-0.2758894367143512
-0.057207345962524414,-0.1261821985244751,-0.2786374492570758
-0.05784454941749573,-0.125465989112854,-0.2418283922597766
-0.05918627977371216,-0.1196126937866211,-0.18135769199579954
-0.06060594320297241,-0.12174546718597412,-0.29547039698809385
-0.0594099760055542,-0.12171977758407593,-0.28041944932192564
-0.059354931116104126,-0.12102675437927246,-0.2641876144334674
-0.062079161405563354,-0.12032628059387207,-0.2570331199094653
-0.05971720814704895,-0.11775815486907959,-0.28361938428133726
-0.06164029240608215,-0.11756634712219238,-0.30132545065134764
-0.060314714908599854,-0.12073928117752075,-0.2607715828344226
-0.05993896722793579,-0.1344701051712036,-0.23989466857165098
-0.0647832453250885,-0.1632959246635437,-0.29189182352274656
-0.06330990791320801,-0.1797020435333252,-0.292204718105495
-0.06181088089942932,-0.20927047729492188,-0.2609529150649905
-0.06503310799598694,-0.20688313245773315,-0.2190346224233508
-0.0653407871723175,-0.20081192255020142,-0.28731928300112486
-0.061967313289642334,-0.1985231637954712,-0.2594721270725131
-0.06296524405479431,-0.16322529315948486,-0.2492543114349246
-0.06289589405059814,-0.14312142133712769,-0.22275396715849638
-0.06074249744415283,-0.09246444702148438,-0.242523948661983
-0.049870967864990234,-0.0523715615272522,-0.2259384049102664
-0.020492374897003174,-0.002273082733154297,-0.19162471126765013
-0.008841633796691895,0.02621328830718994,-0.19175520073622465
-0.012931913137435913,0.0016349554061889648,-0.20730025600641966
-0.03859156370162964,-0.07379943132400513,-0.2670796914026141
-0.05112394690513611,-0.13003337383270264,-0.24577374290674925
-0.0504281222820282,-0.15126407146453857,-0.26637969445437193
-0.05579638481140137,-0.143138587474823,-0.2929175300523639
-0.055849045515060425,-0.14322388172149658,-0.3304610652849078
-0.05311042070388794,-0.1301896572113037,-0.2700752420350909
-0.052570641040802,-0.11841166019439697,-0.26436985563486814
-0.050330787897109985,-0.09960639476776123,-0.26003412436693907
-0.008860588073730469,-0.04278022050857544,-0.09374225419014692
0.025765329599380493,0.005266427993774414,0.02028546202927828
0.04845568537712097,0.034299612045288086,0.16000463534146547
0.05839654803276062,0.05637550354003906,0.1957782106474042
0.05527162551879883,0.06659483909606934,0.17395249474793673
0.05451628565788269,0.06759834289550781,0.15510908234864473
0.06957903504371643,-0.007283568382263184,-0.04215049743652344
0.09201785922050476,-0.010080873966217041,-0.11232583224773407
0.09520426392555237,-0.018516719341278076,-0.10818564891815186
0.10170850157737732,-0.028728187084197998,-0.10562631487846375
0.09914717078208923,0.009648799896240234,-0.07700207829475403
0.09833356738090515,-0.023803293704986572,-0.13185656070709229
0.08196064829826355,-0.01368170976638794,-0.10725030303001404
0.08796891570091248,-0.00994199514389038,-0.14283668994903564
-0.03414487838745117,0.40848106145858765,0.18083982542157173
-0.03329095244407654,0.3725646138191223,0.15564921498298645
-0.041890949010849,0.3803909420967102,0.17651862651109695
-0.01670822501182556,0.45228272676467896,0.23014724254608154
-0.07072535157203674,0.47500306367874146,0.21490595489740372
-0.08747449517250061,0.36331987380981445,0.21908123046159744
-0.10092878341674805,0.2862783670425415,-0.05656817555427551
-0.09264186024665833,0.1401348114013672,-0.01586984097957611
-0.09035167098045349,0.11025440692901611,0.04186291992664337
-0.11225706338882446,0.11021143198013306,0.05537133663892746
-0.12130376696586609,0.08582592010498047,0.12735271314159036
-0.12078207731246948,0.042144060134887695,0.21109983325004578
-0.11601144075393677,0.04604315757751465,0.21881939470767975
-0.10348743200302124,0.03840142488479614,0.303306519985199
-0.08218351006507874,0.07972806692123413,0.13984094001352787
-0.0777745246887207,0.06757408380508423,0.15907933190464973
-0.07489830255508423,0.06348884105682373,0.18279942870140076
-0.07275703549385071,0.06264817714691162,0.2171153873205185
-0.07193794846534729,0.06064629554748535,0.2348625212907791
-0.07003083825111389,0.05914276838302612,0.20712243020534515
-0.07130688428878784,0.06831806898117065,0.2070854753255844
-0.07682603597640991,0.056353092193603516,0.3707593232393265
-0.07895365357398987,0.056015729904174805,0.40769094228744507
-0.07984238862991333,0.05530834197998047,0.396628201007843
-0.07854214310646057,0.05371123552322388,0.386955201625824
-0.07767871022224426,0.05240797996520996,0.329752117395401
-0.07986989617347717,0.051464080810546875,0.22897221893072128
-0.07611370086669922,0.026198863983154297,0.22103935480117798
-0.07512181997299194,0.034219205379486084,0.2785783112049103
-0.07147204875946045,0.02795422077178955,0.03506721556186676
-0.07147347927093506,0.028055250644683838,0.18967897444963455
-0.07145431637763977,0.024657726287841797,0.18601932004094124
-0.07249519228935242,0.022728383541107178,0.11821610014885664
-0.07249057292938232,0.0027870535850524902,0.3128552585840225
-0.06431367993354797,0.004602015018463135,0.05258144438266754
-0.05478668212890625,0.004634559154510498,0.07830469682812691
-0.04674616456031799,0.008071959018707275,0.20162273943424225
-0.0423981249332428,0.0030559897422790527,0.1928412914276123
-0.04227185249328613,0.01080864667892456,0.24126873910427094
-0.05363824963569641,0.024218082427978516,0.2127440795302391
-0.10559538006782532,0.037915050983428955,0.19979681074619293
-0.1241367757320404,0.029057562351226807,0.27807924151420593
-0.13175737857818604,0.030187129974365234,0.2729949802160263
-0.1396198570728302,-0.002844512462615967,0.13383686891756952
-0.15032866597175598,-0.04206150770187378,0.23958568274974823
-0.13824984431266785,-0.03676682710647583,0.2884117662906647
-0.12464919686317444,-0.035779476165771484,0.346798300743103
-0.08745923638343811,-0.0055051445960998535,0.2158387154340744
-0.0713249146938324,0.014917969703674316,0.2217159941792488
-0.06483763456344604,0.012884974479675293,0.22400282323360443
-0.053302496671676636,0.02013087272644043,0.1760118342936039
-0.05410107970237732,0.02118605375289917,0.2600599229335785
-0.0543229877948761,0.017715752124786377,0.31531859934329987
-0.057385385036468506,0.0156172513961792,0.2894584536552429
-0.05795466899871826,0.008615374565124512,0.31113646924495697
-0.06485989689826965,0.008662939071655273,0.3080589473247528
-0.06554853916168213,0.013594627380371094,0.2820020765066147
-0.06672585010528564,0.01959151029586792,0.21772892773151398
-0.06833451986312866,0.020751476287841797,0.2268994376063347
-0.07054963707923889,0.03932356834411621,0.21900201588869095
-0.07144787907600403,0.0558740496635437,0.18016929924488068
-0.07131174206733704,0.06541013717651367,0.21122853457927704
-0.07158318161964417,0.06998246908187866,0.21224010735750198
-0.07667943835258484,0.10390079021453857,0.19920369237661362
-0.07674553990364075,0.1085469126701355,0.23205921798944473
-0.07747834920883179,0.11910617351531982,0.24130185693502426
-0.07748287916183472,0.11209094524383545,0.23266004025936127
-0.07757359743118286,0.10845565795898438,0.2405674234032631
-0.07561436295509338,0.09563678503036499,0.2128760814666748
-0.07710209488868713,0.09251946210861206,0.24784429371356964
-0.0720902681350708,0.05932343006134033,0.27295365929603577
-0.06968855857849121,0.05340719223022461,0.28719373047351837
-0.06513893604278564,0.045942068099975586,0.28007346391677856
-0.058933764696121216,0.03853219747543335,0.2889360785484314
-0.047642648220062256,0.057485878467559814,0.21644236147403717
-0.04636356234550476,0.02982085943222046,0.16388701647520065
-0.05294513702392578,0.026726484298706055,0.12738028215244412
-0.05611908435821533,0.02180778980255127,0.17274930328130722
-0.0804891288280487,0.05230295658111572,0.19485412538051605
-0.08499526977539062,0.037477195262908936,0.23399882018566132
-0.08358180522918701,0.03881436586380005,0.24084746837615967
-0.07964983582496643,0.041095614433288574,0.2175694853067398
-0.07132092118263245,0.04107677936553955,0.18193448334932327
-0.06228482723236084,0.04521149396896362,0.1874685287475586
-0.06508302688598633,0.04112452268600464,0.2714708149433136
-0.06343269348144531,0.04294174909591675,0.2966374158859253
-0.065644770860672,0.044084250926971436,0.3048062026500702
-0.06656694412231445,0.04414999485015869,0.2898525893688202
-0.06427338719367981,0.033273279666900635,0.22739259898662567
-0.06507688760757446,0.03359496593475342,0.26402781903743744
-0.06792086362838745,0.034579694271087646,0.2559033930301666
-0.06893372535705566,0.03414881229400635,0.2830156683921814
-0.06439352035522461,0.02826380729675293,0.2894897162914276
-0.06430619955062866,0.0297582745552063,0.3148019015789032
-0.0622735321521759,0.026564061641693115,0.3395569771528244
-0.062053561210632324,0.03156721591949463,0.39698201417922974
-0.06100824475288391,0.02709859609603882,0.3410266190767288
-0.05975621938705444,0.024679601192474365,0.34318605065345764
-0.058371663093566895,0.022041916847229004,0.3452490568161011
-0.056797415018081665,0.02242833375930786,0.3563610762357712
-0.056678563356399536,0.023793280124664307,0.3653820753097534
-0.055049389600753784,0.01876211166381836,0.44820645451545715
-0.05520704388618469,0.025840580463409424,0.41914495825767517
-0.05424800515174866,0.027382194995880127,0.37482233345508575
-0.061966657638549805,0.02752840518951416,0.0962536484003067
-0.06954744458198547,0.025419950485229492,0.06448940187692642
-0.0699758529663086,0.025429368019104004,-0.012753710150718689
-0.07791557908058167,-0.004664242267608643,-0.008601099252700806
-0.09095743298530579,-0.03409576416015625,-0.08048443496227264
-0.0955224335193634,-0.05712544918060303,-0.23868274688720703
-0.09013530611991882,-0.05645245313644409,-0.20195138454437256
-0.08433493971824646,-0.039748549461364746,-0.20509237051010132
-0.07824721932411194,-0.034751057624816895,-0.15261462330818176
-0.07476553320884705,-0.03842282295227051,-0.2272445261478424
-0.07093778252601624,-0.025250554084777832,-0.21909868717193604
-0.07185980677604675,-0.02379631996154785,-0.11454446613788605
-0.08291691541671753,-0.05465257167816162,-0.08739133179187775
-0.10071638226509094,-0.07430946826934814,-0.16456717252731323
-0.10538673400878906,-0.11271798610687256,-0.2279653549194336
-0.10540011525154114,-0.1168479323387146,-0.23350366950035095
-0.10606855154037476,-0.10947155952453613,-0.20126181840896606
-0.095293790102005,-0.09902733564376831,-0.247859388589859
-0.09592264890670776,-0.10560661554336548,-0.16991561651229858
-0.07329511642456055,-0.07613849639892578,-0.20419389009475708
-0.06215566396713257,-0.037274837493896484,0.24336443841457367
-0.054887086153030396,-0.023920714855194092,0.3098890036344528
-0.05269426107406616,-0.009234905242919922,0.36815330386161804
-0.050894349813461304,-0.0008736848831176758,0.3416082412004471
-0.05091506242752075,-0.004374146461486816,0.36578986048698425
-0.053573399782180786,0.024763166904449463,0.39453035593032837
-0.05388525128364563,0.024428904056549072,0.3695893734693527
-0.05218160152435303,0.029612481594085693,0.38145968317985535
-0.05525505542755127,0.029241323471069336,0.3813742399215698
-0.05558812618255615,0.006571352481842041,0.28438258171081543
-0.055593669414520264,0.006559550762176514,0.2881597429513931
-0.055759310722351074,0.04811882972717285,0.28670501708984375
-0.060366421937942505,0.0610995888710022,0.30698342621326447
-0.06294181942939758,0.10237830877304077,0.3672785013914108
-0.06138858199119568,0.10593777894973755,0.4009326100349426
-0.06300368905067444,0.10895538330078125,0.39243072271347046
-0.054890185594558716,0.035211801528930664,0.37209799885749817
-0.03533220291137695,0.02100205421447754,0.37692973017692566
-0.04586738348007202,0.01785862445831299,0.35838377475738525
-0.04597631096839905,0.015206992626190186,0.35877832770347595
-0.048996567726135254,0.015031278133392334,0.36004021763801575
-0.0606788694858551,0.08604240417480469,0.2616301476955414
-0.061537742614746094,0.028698503971099854,0.4343620240688324
-0.0792492926120758,0.029720962047576904,0.5290862023830414
-0.08882072567939758,0.010338127613067627,0.5240809917449951
-0.08920720219612122,0.03157961368560791,0.5070076286792755
-0.09013485908508301,0.03196460008621216,0.5179073810577393
-0.08857226371765137,0.036315977573394775,0.5028089284896851
-0.0870000422000885,0.03812688589096069,0.5246556401252747
-0.08001786470413208,0.028765380382537842,0.46993640065193176
-0.07832932472229004,0.02839827537536621,0.5343407690525055
-0.08126839995384216,0.03199148178100586,0.5313851237297058
-0.081279456615448,0.03884166479110718,0.5058650374412537
-0.07887494564056396,0.037999868392944336,0.5005152225494385
-0.07785001397132874,0.03717052936553955,0.5162089169025421
-0.07779791951179504,0.03410571813583374,0.533436119556427
-0.07980242371559143,0.03435385227203369,0.5172698199748993
-0.07975926995277405,0.034524619579315186,0.5830234587192535
-0.07912957668304443,0.052994489669799805,0.44619008898735046
-0.07133820652961731,0.05058497190475464,0.36833372712135315
-0.06413593888282776,0.026923954486846924,0.38889816403388977
-0.06625735759735107,0.02252715826034546,0.33617570996284485
-0.05675646662712097,0.04271841049194336,0.5187330543994904
-0.05674484372138977,0.07433044910430908,0.45503243803977966
-0.07036057114601135,0.05787581205368042,0.4303496181964874
-0.0392020046710968,0.11097437143325806,0.48706549406051636
-0.06657332181930542,0.10010033845901489,0.5436665117740631
-0.06624814867973328,0.09683454036712646,0.5354756712913513
-0.06365647912025452,0.10591655969619751,0.5364891588687897
-0.06996697187423706,0.11604559421539307,0.4414345324039459
-0.07234898209571838,0.11578798294067383,0.4399048686027527
-0.03571838140487671,0.07609289884567261,0.5044273436069489
-0.03780481219291687,0.09583836793899536,0.5010717213153839
-0.02877214550971985,0.09686243534088135,0.5712973177433014
-0.05951383709907532,0.15755575895309448,0.4898029565811157
-0.05960845947265625,0.15769267082214355,0.5184567272663116
-0.08213666081428528,0.15660184621810913,0.5403828024864197
-0.07827737927436829,0.1307154893875122,0.46333950757980347
-0.07810601592063904,0.12292742729187012,0.4910550117492676
-0.0833912193775177,0.11774969100952148,0.5198752880096436
-0.07816275954246521,0.12160038948059082,0.5643414556980133
-0.08391672372817993,0.1267032027244568,0.5575351715087891
5.1081180572509766e-05,0.0778316855430603,-0.2709886282682419
-0.013593971729278564,0.11213630437850952,-0.2675387114286423
-0.008145302534103394,0.00748974084854126,-0.15663808770477772
-0.009539216756820679,-0.025148212909698486,-0.20215487107634544
-0.06242671608924866,0.2590964436531067,-0.1961575411260128
-0.05778080224990845,0.21414172649383545,-0.3235154449939728
-0.04515141248703003,0.21490001678466797,-0.283401221036911
-0.03905245661735535,0.2132245898246765,-0.15342291072010994
-0.03416508436203003,0.21846789121627808,-0.14351848093792796
-0.03931340575218201,0.22039484977722168,-0.1527022342197597
-0.04451489448547363,0.23864728212356567,-0.1745054218918085
-0.04691013693809509,0.22680515050888062,-0.11010148003697395
-0.04984170198440552,0.21861189603805542,-0.13847702462226152
-0.08048030734062195,0.14364641904830933,-0.1477143016527407
-0.07817575335502625,-0.024561583995819092,-0.13782302848994732
-0.06850418448448181,-0.044447243213653564,-0.16657685488462448
-0.058348506689071655,-0.09758275747299194,-0.05450255423784256
-0.046844929456710815,-0.085071861743927,-0.06335175037384033
-0.04477563500404358,-0.11135804653167725,0.04659932851791382
-0.04496702551841736,-0.11492156982421875,-0.09441571682691574
-0.05091500282287598,-0.08264780044555664,-0.04223943501710892
-0.0510084331035614,-0.08147889375686646,-0.16777445375919342
-0.05236464738845825,-0.08205580711364746,-0.2123388946056366
-0.056527137756347656,-0.06960779428482056,-0.10381393879652023
-0.06293043494224548,-0.06561177968978882,0.043291911482810974
-0.06612807512283325,-0.0650739073753357,0.0821172446012497
-0.06445583701133728,-0.07228922843933105,0.17651401460170746
-0.06613478064537048,-0.0731956958770752,0.19869373738765717
-0.06701955199241638,-0.07356029748916626,0.1931440383195877
-0.06928905844688416,-0.07384097576141357,0.18176473677158356
-0.06949159502983093,-0.08035510778427124,0.16718576848506927
-0.06978380680084229,-0.07842832803726196,0.15091650187969208
-0.07429003715515137,-0.06839334964752197,0.025120601058006287
-0.06520149111747742,-0.06966817378997803,-0.006177976727485657
-0.06457161903381348,-0.06313484907150269,0.012101337313652039
-0.05568128824234009,-0.07634299993515015,0.030697330832481384
-0.07245370745658875,-0.11538100242614746,0.010471880435943604
-0.11053487658500671,-0.01975041627883911,-0.11919758096337318
-0.11156219244003296,0.08429360389709473,-0.34249143302440643
-0.10978195071220398,0.07586389780044556,-0.20826000720262527
-0.049853235483169556,0.2616106867790222,0.179574117064476
0.020218998193740845,0.3162345290184021,0.07732728123664856
0.02694559097290039,0.3465504050254822,0.04553620517253876
0.04380673170089722,0.36840611696243286,0.017824366688728333
0.06346991658210754,0.3241580128669739,0.12498734891414642
0.037236541509628296,0.3101736903190613,0.25306080281734467
0.05123987793922424,0.2823520302772522,0.2379932552576065
0.06979942321777344,0.3777208924293518,0.19286616146564484
0.06350535154342651,0.3891906142234802,0.15290139615535736
0.007774323225021362,0.013984918594360352,0.011661343276500702
0.01084291934967041,0.01307976245880127,0.1921701580286026
0.014277219772338867,0.011083126068115234,0.009243391454219818
0.011296272277832031,0.01097726821899414,0.12194692343473434
0.011085063219070435,0.01795518398284912,0.21940721571445465
0.011058837175369263,0.015565872192382812,0.05133500415831804
0.00826314091682434,0.018570423126220703,0.054165272042155266
0.0059073567390441895,0.01611185073852539,0.09402715787291527
0.00045353174209594727,0.011205315589904785,0.09308835491538048
-0.0302412211894989,-0.013864576816558838,-0.010353125631809235
-0.05684027075767517,-0.03903394937515259,-0.07704132795333862
-0.0665232241153717,-0.0585097074508667,0.009473040699958801
-0.07066163420677185,-0.07541835308074951,-0.030230969190597534
-0.06532132625579834,-0.09489959478378296,0.001920841634273529
-0.06764349341392517,-0.09960353374481201,-0.08371777832508087
-0.06023356318473816,-0.0991867184638977,-0.07456372678279877
-0.06344285607337952,-0.09869962930679321,-0.03887137770652771
-0.06454887986183167,-0.09172391891479492,-0.05352836847305298
-0.07332053780555725,-0.08434402942657471,-0.05381673574447632
-0.08139851689338684,-0.11946123838424683,-0.13151638209819794
-0.08558514714241028,-0.18389523029327393,-0.1725432127714157
-0.07392928004264832,-0.20760232210159302,-0.11016601324081421
-0.04047366976737976,-0.2737213373184204,0.20943289995193481
-0.017706751823425293,-0.32006680965423584,0.21370065212249756
0.005195826292037964,-0.36039429903030396,0.16266850382089615
0.012576192617416382,-0.3611767292022705,0.19046497344970703
0.008272916078567505,-0.3633815050125122,0.12220031395554543
-0.005591720342636108,-0.36269116401672363,0.09231585264205933
-0.014548629522323608,-0.36510807275772095,0.0456413421779871
-0.05331096053123474,-0.34690606594085693,0.23367275297641754
-0.055600136518478394,-0.32402926683425903,0.05246320180594921
-0.05246704816818237,-0.31275588274002075,0.16971071809530258
-0.00975850224494934,-0.3131272792816162,0.23626147210597992
-0.00621873140335083,-0.3150675296783447,0.22431053221225739
0.0074332356452941895,-0.30146193504333496,0.3013732433319092
0.03021860122680664,-0.29743820428848267,0.28761300444602966
0.042768508195877075,-0.2908051609992981,0.3031141310930252
0.04123613238334656,-0.30676013231277466,0.37521930038928986
0.04019773006439209,-0.3194813132286072,0.4561678618192673
0.021977603435516357,-0.31986600160598755,0.47758208215236664
0.02007383108139038,-0.3199470639228821,0.44664953649044037
0.01798871159553528,-0.3183518648147583,0.41292689740657806
0.01167762279510498,-0.29298532009124756,0.27142128348350525
0.008509814739227295,-0.23389440774917603,0.22180689871311188
0.0020246505737304688,-0.22709906101226807,0.14765674620866776
0.004917442798614502,-0.2559930682182312,0.19100335240364075
0.004511833190917969,-0.25334012508392334,0.24638372659683228
0.005821734666824341,-0.2686067819595337,0.26433396339416504
0.021296262741088867,-0.31002914905548096,0.3785059303045273
0.03043803572654724,-0.31036972999572754,0.42990754544734955
0.05628111958503723,-0.31805264949798584,0.4452650398015976
0.1456613540649414,-0.2783302664756775,0.43953047692775726
0.1705022156238556,-0.3081233501434326,0.4437236040830612
0.2041819989681244,-0.3069191575050354,0.43821482360363007
0.20105955004692078,-0.3129396438598633,0.47166119515895844
0.2262999713420868,-0.270080029964447,0.45415307581424713
0.250373512506485,-0.2646913528442383,0.4804123193025589
0.3001215159893036,-0.26114165782928467,0.4473426789045334
0.35007867217063904,-0.2614046335220337,0.3598546236753464
0.40201470255851746,-0.3333527445793152,0.2573704421520233
0.40222641825675964,-0.3374282121658325,0.45297668874263763
0.3851397931575775,-0.3474777340888977,0.4700719565153122
0.3765077292919159,-0.3378399610519409,0.46138153970241547
0.37214431166648865,-0.33854490518569946,0.46153052151203156
0.3693712651729584,-0.3419978618621826,0.39161868393421173
0.3662858307361603,-0.33891695737838745,0.3800734728574753
0.36604294180870056,-0.3417089581489563,0.3774324804544449
0.37206313014030457,-0.373573899269104,0.33944205939769745
0.4008375108242035,-0.4057905673980713,0.30738794803619385
0.40028926730155945,-0.4080444574356079,0.2516094297170639
0.4003402888774872,-0.40805041790008545,0.2355535328388214
0.40023085474967957,-0.41259944438934326,0.23744454979896545
0.4026965796947479,-0.4057770371437073,0.2515154331922531
0.4027835428714752,-0.4084237217903137,0.2535703331232071
0.40585675835609436,-0.41875171661376953,0.32183514535427094
0.41474756598472595,-0.43656057119369507,0.27380193769931793
0.41638514399528503,-0.4365629553794861,0.27872367203235626
0.41019055247306824,-0.4440706968307495,0.21777525544166565
0.40993449091911316,-0.4409788250923157,0.24341996014118195
0.39766451716423035,-0.4206198453903198,0.2389112263917923
0.3889021575450897,-0.39217865467071533,0.1966235339641571
0.38641759753227234,-0.37836891412734985,0.2563086897134781
0.38356223702430725,-0.37719351053237915,0.2505887895822525
0.38321176171302795,-0.376390278339386,0.23559822142124176
0.382059782743454,-0.37639737129211426,0.25144828855991364
0.38230177760124207,-0.37276846170425415,0.30971886217594147
0.39601144194602966,-0.39452528953552246,0.2632987052202225
0.400161474943161,-0.415432333946228,0.3052622526884079
0.4057507812976837,-0.439938485622406,0.3403639644384384
0.40633919835090637,-0.4490947723388672,0.31367795169353485
0.40637728571891785,-0.4577273726463318,0.2679576426744461
0.40772494673728943,-0.44952380657196045,0.4138893038034439
0.4076403081417084,-0.44757723808288574,0.24805395305156708
0.40763214230537415,-0.453088641166687,0.2285226732492447
0.4070946276187897,-0.4756966233253479,0.38221199810504913
0.4019467532634735,-0.45614713430404663,0.29071006178855896
0.38911905884742737,-0.42262351512908936,0.2940243184566498
0.3829318583011627,-0.40718090534210205,0.34883926808834076
0.365518718957901,-0.3479243516921997,0.44735999405384064
0.3665488660335541,-0.3586640954017639,0.4328507035970688
0.3709661066532135,-0.3775160312652588,0.47314678132534027
0.36807581782341003,-0.3764907121658325,0.3560250550508499
0.36818841099739075,-0.37665534019470215,0.30771245062351227
0.3683331310749054,-0.3753412961959839,0.2367544174194336
0.3647253215312958,-0.3740904927253723,0.16091547906398773
0.36471185088157654,-0.3739968538284302,0.14507338404655457
0.3658991754055023,-0.3667643070220947,0.17211616039276123
0.37060168385505676,-0.3554503917694092,0.22535301744937897
0.390523761510849,-0.356161892414093,0.3464774936437607
0.4102042615413666,-0.3565812110900879,0.26561708748340607
0.43450793623924255,-0.3754347562789917,0.3228687196969986
0.4477533996105194,-0.3795655369758606,0.2782728672027588
0.44533059000968933,-0.3792557120323181,0.29562731087207794
0.42054614424705505,-0.33999907970428467,0.44986335933208466
0.419818252325058,-0.3391242027282715,0.42760084569454193
0.4179999530315399,-0.3363555669784546,0.3691983073949814
0.42182299494743347,-0.317324161529541,0.45755620300769806
0.40082427859306335,-0.3038722276687622,0.45613859593868256
0.34994348883628845,-0.3136304020881653,0.41508086025714874
0.3210090100765228,-0.2963918447494507,0.4511149674654007
0.2796570956707001,-0.30983370542526245,0.5422246605157852
0.24416884779930115,-0.3050704598426819,0.5877868384122849
0.23345473408699036,-0.27544838190078735,0.7487283796072006
0.24405285716056824,-0.2526320815086365,0.7034721821546555
0.24511012434959412,-0.23557931184768677,0.7085388153791428
0.23997589945793152,-0.23537832498550415,0.5757629126310349
0.20826521515846252,-0.2438948154449463,0.5593035966157913
0.17078647017478943,-0.26732754707336426,0.5448502153158188
0.14423108100891113,-0.25572240352630615,0.522240474820137
0.15051063895225525,-0.2610582709312439,0.49157826602458954
0.09861025214195251,-0.21175634860992432,0.495955154299736
0.05041986703872681,-0.20827758312225342,0.5137697905302048
0.009576588869094849,-0.20876705646514893,0.5747659653425217
-0.012753486633300781,-0.30058377981185913,0.5311842113733292
